{"name":"instanceType","identifier":"GH6MIUCGH1","description":null,"slotTypeName":"ec2InstancesType","obfuscationSetting":null,"valueElicitationSetting":{"promptSpecification":{"allowInterrupt":true,"messageGroupsList":[{"message":{"imageResponseCard":null,"ssmlMessage":null,"customPayload":null,"plainTextMessage":{"value":"What is the instance type for this EC2 instance? (t2.nano/t2.micro/t2.small/t2.medium/t2.large/t2.xlarge/t2.2xlarge/t3.nano/t3.micro/t3.small/t3.medium/t3.large/t3.xlarge/t3.2xlarge)"}},"variations":null}],"maxRetries":4,"messageSelectionStrategy":"Random"},"slotConstraint":"Required","defaultValueSpecification":null,"sampleUtterances":null,"waitAndContinueSpecification":null},"multipleValuesSetting":null}