{"name":"DynamoDBCreateTableIntent","identifier":"CZDCIK3PZY","description":"Help User Create Table In DynamoDB","parentIntentSignature":null,"sampleUtterances":[{"utterance":"I want to create table"},{"utterance":"create table"}],"intentConfirmationSetting":{"isActive":true,"promptSpecification":{"messageGroupsList":[{"message":{"imageResponseCard":null,"ssmlMessage":null,"customPayload":null,"plainTextMessage":{"value":"Can you confirm you want to create a DynamoDB Table called {tableName} with Key: {partitionKey} ({partitionKeyType})?"}},"variations":null}],"maxRetries":4,"allowInterrupt":true,"messageSelectionStrategy":"Random"},"declinationResponse":{"messageGroupsList":[{"message":{"imageResponseCard":null,"ssmlMessage":null,"customPayload":null,"plainTextMessage":{"value":"Okay. Your request will not be submitted. "}},"variations":null}],"allowInterrupt":true}},"intentClosingSetting":null,"inputContexts":[{"name":"contextWelcome","timeToLiveInSeconds":null,"turnsToLive":null}],"outputContexts":null,"kendraConfiguration":null,"dialogCodeHook":null,"fulfillmentCodeHook":{"fulfillmentUpdatesSpecification":null,"postFulfillmentStatusSpecification":null,"enabled":true},"slotPriorities":[{"priority":3,"slotName":"tableName"},{"priority":1,"slotName":"resource"},{"priority":5,"slotName":"partitionKeyType"},{"priority":2,"slotName":"DynamoDB_action"},{"priority":4,"slotName":"partitionKey"}]}