{"name":"S3PutObjectIntent","identifier":"2WOQJSDYU8","description":"Help User Put Object In S3","parentIntentSignature":null,"sampleUtterances":[{"utterance":"I want to Put Object"},{"utterance":"Put Object"}],"intentConfirmationSetting":{"isActive":true,"declinationResponse":{"allowInterrupt":true,"messageGroupsList":[{"message":{"ssmlMessage":null,"customPayload":null,"plainTextMessage":{"value":"Okay. Your request will not be submitted. "},"imageResponseCard":null},"variations":null}]},"promptSpecification":{"maxRetries":4,"allowInterrupt":true,"messageGroupsList":[{"message":{"ssmlMessage":null,"customPayload":null,"plainTextMessage":{"value":"Can you confirm you want to put this object in {bucketName} with a Key called {key}?"},"imageResponseCard":null},"variations":null}],"messageSelectionStrategy":"Random"}},"intentClosingSetting":null,"inputContexts":[{"name":"contextWelcome","timeToLiveInSeconds":null,"turnsToLive":null}],"outputContexts":null,"kendraConfiguration":null,"dialogCodeHook":null,"fulfillmentCodeHook":{"fulfillmentUpdatesSpecification":null,"postFulfillmentStatusSpecification":null,"enabled":true},"slotPriorities":[{"priority":4,"slotName":"body"},{"priority":1,"slotName":"resource"},{"priority":2,"slotName":"S3_action"},{"priority":3,"slotName":"bucketName"},{"priority":5,"slotName":"key"}]}