{"name":"dynamoDBPartitionKeyType","identifier":"T906UH13TP","description":"Partition Key's Data Type\nS -> String\nN -> Number\nB -> Binary","slotTypeValues":[{"sampleValue":{"value":"S"},"synonyms":[{"value":"String"},{"value":"Str"}]},{"sampleValue":{"value":"B"},"synonyms":[{"value":"Binary"}]},{"sampleValue":{"value":"N"},"synonyms":[{"value":"Number"},{"value":"Num"},{"value":"Integer"},{"value":"Int"}]}],"parentSlotTypeSignature":null,"valueSelectionSetting":{"resolutionStrategy":"TOP_RESOLUTION","advancedRecognitionSetting":{"audioRecognitionStrategy":"UseSlotValuesAsCustomVocabulary"},"regexFilter":null}}