{"name":"dynamoDBPartitionKeyType","identifier":"T906UH13TP","description":"Partition Key's Data Type\nS -> String\nN -> Number\nB -> Binary","slotTypeValues":[{"synonyms":[{"value":"String"},{"value":"Str"}],"sampleValue":{"value":"S"}},{"synonyms":[{"value":"Binary"}],"sampleValue":{"value":"B"}},{"synonyms":[{"value":"Number"},{"value":"Num"},{"value":"Integer"},{"value":"Int"}],"sampleValue":{"value":"N"}}],"parentSlotTypeSignature":null,"valueSelectionSetting":{"resolutionStrategy":"TOP_RESOLUTION","advancedRecognitionSetting":{"audioRecognitionStrategy":"UseSlotValuesAsCustomVocabulary"},"regexFilter":null}}