{"name":"DynamoDBDeleteTableIntent","identifier":"WWDQNFND5H","description":"Help User Delete Table In DynamoDB","parentIntentSignature":null,"sampleUtterances":[{"utterance":"I want to delete table"},{"utterance":"delete table"}],"intentConfirmationSetting":null,"intentClosingSetting":null,"inputContexts":[{"name":"contextWelcome","timeToLiveInSeconds":null,"turnsToLive":null}],"outputContexts":null,"kendraConfiguration":null,"dialogCodeHook":null,"fulfillmentCodeHook":{"fulfillmentUpdatesSpecification":null,"postFulfillmentStatusSpecification":null,"enabled":true},"slotPriorities":[{"priority":1,"slotName":"resource"},{"priority":3,"slotName":"tableName"},{"priority":2,"slotName":"DynamoDB_action"}]}