{"name":"tableName","identifier":"QU7ZLBOEGT","description":null,"slotTypeName":"AMAZON.AlphaNumeric","obfuscationSetting":null,"valueElicitationSetting":{"defaultValueSpecification":null,"promptSpecification":{"maxRetries":4,"allowInterrupt":true,"messageGroupsList":[{"message":{"ssmlMessage":null,"customPayload":null,"plainTextMessage":{"value":"What is the table's name?"},"imageResponseCard":null},"variations":null}],"messageSelectionStrategy":"Random"},"slotConstraint":"Required","sampleUtterances":null,"waitAndContinueSpecification":null},"multipleValuesSetting":null}