{"name":"S3DeleteObjectIntent","identifier":"GW2QP96HWB","description":"Help User Delete Object In S3","parentIntentSignature":null,"sampleUtterances":[{"utterance":"I want to Delete Object"},{"utterance":"Delete Object"},{"utterance":"i want to remove the object"},{"utterance":"remove object"},{"utterance":"delete the object"},{"utterance":"clear the object"},{"utterance":"erase the object"},{"utterance":"i want to delete the object"}],"intentConfirmationSetting":{"isActive":true,"declinationResponse":{"allowInterrupt":true,"messageGroupsList":[{"message":{"imageResponseCard":null,"ssmlMessage":null,"customPayload":null,"plainTextMessage":{"value":"Okay. Your request will not be submitted. "}},"variations":null},{"message":{"imageResponseCard":null,"ssmlMessage":null,"customPayload":null,"plainTextMessage":{"value":"Anything Else I Can Help You With?"}},"variations":null}]},"promptSpecification":{"allowInterrupt":true,"messageGroupsList":[{"message":{"imageResponseCard":null,"ssmlMessage":null,"customPayload":null,"plainTextMessage":{"value":"Are you sure you want to permanently delete {key} from {bucketName}?"}},"variations":null}],"maxRetries":4,"messageSelectionStrategy":"Random"}},"intentClosingSetting":null,"inputContexts":null,"outputContexts":null,"kendraConfiguration":null,"dialogCodeHook":null,"fulfillmentCodeHook":{"fulfillmentUpdatesSpecification":null,"postFulfillmentStatusSpecification":null,"enabled":true},"slotPriorities":[{"priority":2,"slotName":"S3_action"},{"priority":4,"slotName":"key"},{"priority":1,"slotName":"resource"},{"priority":3,"slotName":"bucketName"}]}