{"name":"instanceId","identifier":"OIHZPAK1HE","description":null,"slotTypeName":"AMAZON.AlphaNumeric","obfuscationSetting":null,"valueElicitationSetting":{"promptSpecification":{"messageGroupsList":[{"message":{"imageResponseCard":null,"ssmlMessage":null,"customPayload":null,"plainTextMessage":{"value":"What is the instance id? "}},"variations":null}],"maxRetries":4,"allowInterrupt":true,"messageSelectionStrategy":"Random"},"slotConstraint":"Required","defaultValueSpecification":null,"sampleUtterances":null,"waitAndContinueSpecification":null},"multipleValuesSetting":null}