{"name":"BackupDeleteSelectionIntent","identifier":"1T8RUAMHV6","description":"Help User Delete AWS Resource Using AWS Backup","parentIntentSignature":null,"sampleUtterances":[{"utterance":"Delete all my {backupResource} resources with {backupFrequency} backups"},{"utterance":"Delete all my {backupResource} backups"}],"intentConfirmationSetting":null,"intentClosingSetting":null,"inputContexts":null,"outputContexts":null,"kendraConfiguration":null,"dialogCodeHook":null,"fulfillmentCodeHook":{"fulfillmentUpdatesSpecification":null,"postFulfillmentStatusSpecification":null,"enabled":true},"slotPriorities":[{"priority":4,"slotName":"backupFrequency"},{"priority":1,"slotName":"resource"},{"priority":2,"slotName":"Backup_action"},{"priority":3,"slotName":"backupResource"}]}