{"name":"attributeValue","identifier":"FHDYRY0IZ5","description":null,"slotTypeName":"AMAZON.AlphaNumeric","obfuscationSetting":null,"valueElicitationSetting":{"promptSpecification":{"allowInterrupt":true,"messageGroupsList":[{"message":{"imageResponseCard":null,"ssmlMessage":null,"customPayload":null,"plainTextMessage":{"value":"What is the attribute's value?"}},"variations":null}],"maxRetries":4,"messageSelectionStrategy":"Random"},"slotConstraint":"Required","defaultValueSpecification":null,"sampleUtterances":null,"waitAndContinueSpecification":null},"multipleValuesSetting":null}