{"name":"dynamoDBActionType","identifier":"O8AA0DZCOS","description":"Action that DDB can Perform","slotTypeValues":[{"sampleValue":{"value":"CreateTable"},"synonyms":[{"value":"create table"},{"value":"create_table"}]},{"sampleValue":{"value":"CreateItem"},"synonyms":[{"value":"create item"},{"value":"create_item"}]},{"sampleValue":{"value":"DeleteTable"},"synonyms":[{"value":"delete table"},{"value":"delete_tabel"}]}],"parentSlotTypeSignature":null,"valueSelectionSetting":{"regexFilter":null,"resolutionStrategy":"TOP_RESOLUTION","advancedRecognitionSetting":{"audioRecognitionStrategy":"UseSlotValuesAsCustomVocabulary"}}}