{"name":"s3ActionType","identifier":"TOHYIBUKZF","description":"Action that S3 can perform","slotTypeValues":[{"sampleValue":{"value":"CreateBucket"},"synonyms":[{"value":"Create_Bucket"},{"value":"Create Bucket"}]},{"sampleValue":{"value":"DeleteBucket"},"synonyms":[{"value":"Delete_Bucket"},{"value":"Delete Bucket"}]},{"sampleValue":{"value":"PutObject"},"synonyms":[{"value":"Put_Object"},{"value":"Put Object"}]},{"sampleValue":{"value":"DeleteObject"},"synonyms":[{"value":"Delete_Object"},{"value":"Delete Object"}]}],"parentSlotTypeSignature":null,"valueSelectionSetting":{"resolutionStrategy":"TOP_RESOLUTION","advancedRecognitionSetting":{"audioRecognitionStrategy":"UseSlotValuesAsCustomVocabulary"},"regexFilter":null}}