{"name":"S3CreateBucketIntent","identifier":"KJQEGGYWNF","description":"Help User Create Bucket In S3","parentIntentSignature":null,"sampleUtterances":[{"utterance":"I want to Create Bucket"},{"utterance":"Create Bucket"},{"utterance":"create s three bucket"},{"utterance":"create new bucket"},{"utterance":"add bucket"},{"utterance":"i want to make a bucket"},{"utterance":"add a bucket"}],"intentConfirmationSetting":{"isActive":true,"declinationResponse":{"allowInterrupt":true,"messageGroupsList":[{"message":{"imageResponseCard":null,"ssmlMessage":null,"customPayload":null,"plainTextMessage":{"value":"Okay. Your request will not be submitted. "}},"variations":null},{"message":{"imageResponseCard":null,"ssmlMessage":null,"customPayload":null,"plainTextMessage":{"value":"Anything Else I Can Help You With?"}},"variations":null}]},"promptSpecification":{"allowInterrupt":true,"messageGroupsList":[{"message":{"imageResponseCard":null,"ssmlMessage":null,"customPayload":null,"plainTextMessage":{"value":"Can you confirm you want to create a S3 bucket called {bucketName}? "}},"variations":null}],"maxRetries":4,"messageSelectionStrategy":"Random"}},"intentClosingSetting":null,"inputContexts":null,"outputContexts":null,"kendraConfiguration":null,"dialogCodeHook":null,"fulfillmentCodeHook":{"fulfillmentUpdatesSpecification":null,"postFulfillmentStatusSpecification":null,"enabled":true},"slotPriorities":[{"priority":1,"slotName":"resource"},{"priority":3,"slotName":"bucketName"},{"priority":2,"slotName":"S3_action"}]}