{"name":"EC2StopInstanceIntent","identifier":"GHFRKSKQLM","description":"Help User Stop EC2 Instance","parentIntentSignature":null,"sampleUtterances":[{"utterance":"I want to Stop EC2 Instance"},{"utterance":"Stop Instance"},{"utterance":"pause the instance"},{"utterance":"i want to pause the instance"}],"intentConfirmationSetting":{"isActive":true,"declinationResponse":{"allowInterrupt":true,"messageGroupsList":[{"message":{"imageResponseCard":null,"ssmlMessage":null,"customPayload":null,"plainTextMessage":{"value":"Okay. Your request will not be submitted. "}},"variations":null},{"message":{"imageResponseCard":null,"ssmlMessage":null,"customPayload":null,"plainTextMessage":{"value":"Anything Else I Can Help You With?"}},"variations":null}]},"promptSpecification":{"allowInterrupt":true,"messageGroupsList":[{"message":{"imageResponseCard":null,"ssmlMessage":null,"customPayload":null,"plainTextMessage":{"value":"Are you sure you want to stop this EC2 instance with ID: {instanceId}?"}},"variations":null}],"maxRetries":4,"messageSelectionStrategy":"Random"}},"intentClosingSetting":null,"inputContexts":null,"outputContexts":null,"kendraConfiguration":null,"dialogCodeHook":null,"fulfillmentCodeHook":{"fulfillmentUpdatesSpecification":null,"postFulfillmentStatusSpecification":null,"enabled":true},"slotPriorities":[{"priority":3,"slotName":"instanceId"},{"priority":2,"slotName":"EC2_action"},{"priority":1,"slotName":"resource"}]}