{"name":"Backup_action","identifier":"0GBO16RWUN","description":null,"slotTypeName":"backupActionType","obfuscationSetting":null,"valueElicitationSetting":{"promptSpecification":{"allowInterrupt":true,"messageGroupsList":[{"message":{"imageResponseCard":null,"ssmlMessage":null,"customPayload":null,"plainTextMessage":{"value":"action? (Create Selection/Delete Selection)"}},"variations":null}],"maxRetries":4,"messageSelectionStrategy":"Random"},"slotConstraint":"Optional","defaultValueSpecification":{"defaultValueList":[{"defaultValue":"DeleteSelection"}]},"sampleUtterances":null,"waitAndContinueSpecification":null},"multipleValuesSetting":null}