{"name":"EC2_action","identifier":"OSXIH2PVPH","description":null,"slotTypeName":"ec2ActionType","obfuscationSetting":{"obfuscationSettingType":"DefaultObfuscation"},"valueElicitationSetting":{"defaultValueSpecification":{"defaultValueList":[{"defaultValue":"StartInstance"}]},"promptSpecification":{"maxRetries":4,"allowInterrupt":true,"messageGroupsList":[{"message":{"ssmlMessage":null,"customPayload":null,"plainTextMessage":{"value":"action?"},"imageResponseCard":null},"variations":null}],"messageSelectionStrategy":"Random"},"slotConstraint":"Required","sampleUtterances":null,"waitAndContinueSpecification":null},"multipleValuesSetting":null}