{"name":"EC2_action","identifier":"OSXIH2PVPH","description":null,"slotTypeName":"ec2ActionType","obfuscationSetting":{"obfuscationSettingType":"DefaultObfuscation"},"valueElicitationSetting":{"promptSpecification":{"allowInterrupt":true,"messageGroupsList":[{"message":{"imageResponseCard":null,"ssmlMessage":null,"customPayload":null,"plainTextMessage":{"value":"action?"}},"variations":null}],"maxRetries":4,"messageSelectionStrategy":"Random"},"slotConstraint":"Required","defaultValueSpecification":{"defaultValueList":[{"defaultValue":"StartInstance"}]},"sampleUtterances":null,"waitAndContinueSpecification":null},"multipleValuesSetting":null}