{"name":"ec2InstancesType","identifier":"RDNXE7S16P","description":null,"slotTypeValues":[{"synonyms":null,"sampleValue":{"value":"t2.nano"}},{"synonyms":null,"sampleValue":{"value":"t2.micro"}},{"synonyms":null,"sampleValue":{"value":"t2.small"}},{"synonyms":null,"sampleValue":{"value":"t2.medium"}},{"synonyms":null,"sampleValue":{"value":"t2.large"}},{"synonyms":null,"sampleValue":{"value":"t2.xlarge"}},{"synonyms":null,"sampleValue":{"value":"t2.2xlarge"}},{"synonyms":null,"sampleValue":{"value":"t3.nano"}},{"synonyms":null,"sampleValue":{"value":"t3.micro"}},{"synonyms":null,"sampleValue":{"value":"t3.small"}},{"synonyms":null,"sampleValue":{"value":"t3.medium"}},{"synonyms":null,"sampleValue":{"value":"t3.large"}},{"synonyms":null,"sampleValue":{"value":"t3.xlarge"}},{"synonyms":null,"sampleValue":{"value":"t3.2xlarge"}}],"parentSlotTypeSignature":null,"valueSelectionSetting":{"resolutionStrategy":"TOP_RESOLUTION","advancedRecognitionSetting":{"audioRecognitionStrategy":"UseSlotValuesAsCustomVocabulary"},"regexFilter":null}}