{"name":"BackupCreateSelectionIntent","identifier":"V6HVZQ3UWX","description":"Help User Protect AWS Resource Using AWS Backup","parentIntentSignature":null,"sampleUtterances":[{"utterance":"Protect all my {backupResource} resources with {backupFrequency} backups"},{"utterance":"Protect all my {backupResource} "},{"utterance":"back up all my {backupResource} "},{"utterance":"back up all my {backupResource} resources with {backupFrequency} backups"},{"utterance":"i want to back up all my {backupResource} "},{"utterance":"{backupResource}  back up"},{"utterance":"{backupResource}  protection"},{"utterance":"please back up all my {backupResource} "},{"utterance":"please protect my {backupResource}  with {backupFrequency} backups"}],"intentConfirmationSetting":{"isActive":true,"declinationResponse":{"allowInterrupt":true,"messageGroupsList":[{"message":{"imageResponseCard":null,"ssmlMessage":null,"customPayload":null,"plainTextMessage":{"value":"Okay. Your request will not be submitted. "}},"variations":null},{"message":{"imageResponseCard":null,"ssmlMessage":null,"customPayload":null,"plainTextMessage":{"value":"Anything Else I Can Help You With?"}},"variations":null}]},"promptSpecification":{"allowInterrupt":true,"messageGroupsList":[{"message":{"imageResponseCard":null,"ssmlMessage":null,"customPayload":null,"plainTextMessage":{"value":"Are you sure you want to back up all your {backupResource} with {backupFrequency} backup?"}},"variations":null}],"maxRetries":4,"messageSelectionStrategy":"Random"}},"intentClosingSetting":null,"inputContexts":null,"outputContexts":null,"kendraConfiguration":null,"dialogCodeHook":null,"fulfillmentCodeHook":{"fulfillmentUpdatesSpecification":null,"postFulfillmentStatusSpecification":null,"enabled":true},"slotPriorities":[{"priority":1,"slotName":"resource"},{"priority":4,"slotName":"backupFrequency"},{"priority":2,"slotName":"Backup_action"},{"priority":3,"slotName":"backupResource"}]}