{"name":"BackupCreateSelectionIntent","identifier":"IZPIFOHHBB","description":"Help User Protect AWS Resource Using AWS Backup","parentIntentSignature":null,"sampleUtterances":[{"utterance":"Protect all my {backupResource} resources with {backupFrequency} backups"},{"utterance":"Protect all my {backupResource} "}],"intentConfirmationSetting":null,"intentClosingSetting":null,"inputContexts":null,"outputContexts":null,"kendraConfiguration":null,"dialogCodeHook":null,"fulfillmentCodeHook":{"fulfillmentUpdatesSpecification":null,"postFulfillmentStatusSpecification":null,"enabled":true},"slotPriorities":[{"priority":1,"slotName":"resource"},{"priority":3,"slotName":"backupResource"},{"priority":2,"slotName":"Backup_action"},{"priority":4,"slotName":"backupFrequency"}]}