{"name":"EC2CreateInstanceIntent","identifier":"EC0DMR4VFQ","description":"Help User Create EC2 Instance","parentIntentSignature":null,"sampleUtterances":[{"utterance":"I want to create EC2 Instance"},{"utterance":"Create Instance"}],"intentConfirmationSetting":null,"intentClosingSetting":null,"inputContexts":[{"name":"contextWelcome","timeToLiveInSeconds":null,"turnsToLive":null}],"outputContexts":null,"kendraConfiguration":null,"dialogCodeHook":null,"fulfillmentCodeHook":{"fulfillmentUpdatesSpecification":null,"postFulfillmentStatusSpecification":null,"enabled":true},"slotPriorities":[{"priority":3,"slotName":"amazonMachineImages"},{"priority":2,"slotName":"EC2_action"},{"priority":5,"slotName":"maxCount"},{"priority":1,"slotName":"resource"},{"priority":6,"slotName":"instanceType"},{"priority":4,"slotName":"minCount"}]}