{"name":"resourceType","identifier":"VZPUUQXIGK","description":"Indicate Which AWS Resources","slotTypeValues":[{"sampleValue":{"value":"EC2"},"synonyms":null},{"sampleValue":{"value":"DynamoDB"},"synonyms":[{"value":"DDB"},{"value":"ddb"}]},{"sampleValue":{"value":"S3"},"synonyms":null},{"sampleValue":{"value":"Backup"},"synonyms":[{"value":"backup"}]}],"parentSlotTypeSignature":null,"valueSelectionSetting":{"regexFilter":null,"resolutionStrategy":"TOP_RESOLUTION","advancedRecognitionSetting":{"audioRecognitionStrategy":"UseSlotValuesAsCustomVocabulary"}}}