{"name":"EC2TerminateInstanceIntent","identifier":"ENC0TMU0RY","description":"Help User Terminate EC2 Instance","parentIntentSignature":null,"sampleUtterances":[{"utterance":"I want to Terminate EC2 Instance"},{"utterance":"Terminate Instance"}],"intentConfirmationSetting":null,"intentClosingSetting":null,"inputContexts":[{"name":"contextWelcome","timeToLiveInSeconds":null,"turnsToLive":null}],"outputContexts":null,"kendraConfiguration":null,"dialogCodeHook":null,"fulfillmentCodeHook":{"fulfillmentUpdatesSpecification":null,"postFulfillmentStatusSpecification":null,"enabled":true},"slotPriorities":[{"priority":1,"slotName":"resource"},{"priority":3,"slotName":"instanceId"},{"priority":2,"slotName":"EC2_action"}]}