{"name":"EC2StopInstanceIntent","identifier":"DSXDRNQWS8","description":"Help User Stop EC2 Instance","parentIntentSignature":null,"sampleUtterances":[{"utterance":"I want to Stop EC2 Instance"},{"utterance":"Stop Instance"}],"intentConfirmationSetting":null,"intentClosingSetting":null,"inputContexts":[{"name":"contextWelcome","timeToLiveInSeconds":null,"turnsToLive":null}],"outputContexts":null,"kendraConfiguration":null,"dialogCodeHook":null,"fulfillmentCodeHook":{"fulfillmentUpdatesSpecification":null,"postFulfillmentStatusSpecification":null,"enabled":true},"slotPriorities":[{"priority":3,"slotName":"instanceId"},{"priority":2,"slotName":"EC2_action"},{"priority":1,"slotName":"resource"}]}