{"name":"S3CreateBucketIntent","identifier":"AJL7Y2QZPY","description":"Help User Create Bucket In S3","parentIntentSignature":null,"sampleUtterances":[{"utterance":"I want to Create Bucket"},{"utterance":"Create Bucket"}],"intentConfirmationSetting":{"isActive":true,"promptSpecification":{"messageGroupsList":[{"message":{"imageResponseCard":null,"ssmlMessage":null,"customPayload":null,"plainTextMessage":{"value":"Can you confirm you want to create a S3 bucket called {bucketName}? "}},"variations":null}],"maxRetries":4,"allowInterrupt":true,"messageSelectionStrategy":"Random"},"declinationResponse":{"messageGroupsList":[{"message":{"imageResponseCard":null,"ssmlMessage":null,"customPayload":null,"plainTextMessage":{"value":"Okay. Your request will not be submitted. "}},"variations":null}],"allowInterrupt":true}},"intentClosingSetting":null,"inputContexts":[{"name":"contextWelcome","timeToLiveInSeconds":null,"turnsToLive":null}],"outputContexts":null,"kendraConfiguration":null,"dialogCodeHook":null,"fulfillmentCodeHook":{"fulfillmentUpdatesSpecification":null,"postFulfillmentStatusSpecification":null,"enabled":true},"slotPriorities":[{"priority":2,"slotName":"S3_action"},{"priority":1,"slotName":"resource"},{"priority":3,"slotName":"bucketName"}]}