{"name":"ec2InstancesType","identifier":"7CM9HOGXLR","description":"EC2's Instances Type","slotTypeValues":[{"sampleValue":{"value":"t2.nano"},"synonyms":null},{"sampleValue":{"value":"t2.micro"},"synonyms":null},{"sampleValue":{"value":"t2.small"},"synonyms":null},{"sampleValue":{"value":"t2.medium"},"synonyms":null},{"sampleValue":{"value":"t2.large"},"synonyms":null},{"sampleValue":{"value":"t2.xlarge"},"synonyms":null},{"sampleValue":{"value":"t2.2xlarge"},"synonyms":null},{"sampleValue":{"value":"t3.nano"},"synonyms":null},{"sampleValue":{"value":"t3.micro"},"synonyms":null},{"sampleValue":{"value":"t3.small"},"synonyms":null},{"sampleValue":{"value":"t3.medium"},"synonyms":null},{"sampleValue":{"value":"t3.large"},"synonyms":null},{"sampleValue":{"value":"t3.xlarge"},"synonyms":null},{"sampleValue":{"value":"t3.2xlarge"},"synonyms":null}],"parentSlotTypeSignature":null,"valueSelectionSetting":{"regexFilter":null,"resolutionStrategy":"TOP_RESOLUTION","advancedRecognitionSetting":{"audioRecognitionStrategy":"UseSlotValuesAsCustomVocabulary"}}}