{"name":"partitionKeyType","identifier":"NC9KDYZSDV","description":null,"slotTypeName":"dynamoDBPartitionKeyType","obfuscationSetting":{"obfuscationSettingType":"DefaultObfuscation"},"valueElicitationSetting":{"defaultValueSpecification":null,"promptSpecification":{"maxRetries":4,"allowInterrupt":true,"messageGroupsList":[{"message":{"ssmlMessage":null,"customPayload":null,"plainTextMessage":{"value":"What is the partition key's data type?"},"imageResponseCard":null},"variations":null}],"messageSelectionStrategy":"Random"},"slotConstraint":"Required","sampleUtterances":null,"waitAndContinueSpecification":null},"multipleValuesSetting":null}