{"name":"action","identifier":"RJZRPPT3MZ","description":null,"slotTypeName":"dynamoDBActionType","obfuscationSetting":{"obfuscationSettingType":"DefaultObfuscation"},"valueElicitationSetting":{"promptSpecification":{"allowInterrupt":true,"messageGroupsList":[{"message":{"imageResponseCard":null,"ssmlMessage":null,"customPayload":null,"plainTextMessage":{"value":"action?"}},"variations":null}],"maxRetries":4},"slotConstraint":"Required","defaultValueSpecification":{"defaultValueList":[{"defaultValue":"CreateTable"}]},"sampleUtterances":[{"utterance":"I want to create table"},{"utterance":"create table"}],"waitAndContinueSpecification":null},"multipleValuesSetting":null}