{"name":"S3DeleteBucketIntent","identifier":"XN4D9Z3AZ9","description":"Help User Delete Bucket In S3","parentIntentSignature":null,"sampleUtterances":[{"utterance":"I want to Delete Bucket"},{"utterance":"Delete Bucket"}],"intentConfirmationSetting":null,"intentClosingSetting":null,"inputContexts":[{"name":"contextWelcome","timeToLiveInSeconds":null,"turnsToLive":null}],"outputContexts":null,"kendraConfiguration":null,"dialogCodeHook":null,"fulfillmentCodeHook":{"fulfillmentUpdatesSpecification":null,"postFulfillmentStatusSpecification":null,"enabled":true},"slotPriorities":[{"priority":1,"slotName":"resource"},{"priority":3,"slotName":"bucketName"},{"priority":2,"slotName":"S3_action"}]}