{"name":"DynamoDB_action","identifier":"MHOMT6RJUT","description":null,"slotTypeName":"dynamoDBActionType","obfuscationSetting":{"obfuscationSettingType":"DefaultObfuscation"},"valueElicitationSetting":{"promptSpecification":{"messageGroupsList":[{"message":{"ssmlMessage":null,"customPayload":null,"plainTextMessage":{"value":"action?"},"imageResponseCard":null},"variations":null}],"maxRetries":4,"allowInterrupt":true},"slotConstraint":"Required","defaultValueSpecification":{"defaultValueList":[{"defaultValue":"CreateItem"}]},"sampleUtterances":null,"waitAndContinueSpecification":null},"multipleValuesSetting":null}