{"name":"EC2StartInstanceIntent","identifier":"EK6VTMS6FE","description":"Help User Start EC2 Instance","parentIntentSignature":null,"sampleUtterances":[{"utterance":"I want to Start EC2 Instance"},{"utterance":"Start Instance"}],"intentConfirmationSetting":null,"intentClosingSetting":null,"inputContexts":[{"name":"contextWelcome","timeToLiveInSeconds":null,"turnsToLive":null}],"outputContexts":null,"kendraConfiguration":null,"dialogCodeHook":null,"fulfillmentCodeHook":{"fulfillmentUpdatesSpecification":null,"postFulfillmentStatusSpecification":null,"enabled":true},"slotPriorities":[{"priority":3,"slotName":"instanceId"},{"priority":2,"slotName":"EC2_action"},{"priority":1,"slotName":"resource"}]}