{"name":"S3_action","identifier":"IWM4TWGTDG","description":null,"slotTypeName":"s3ActionType","obfuscationSetting":null,"valueElicitationSetting":{"defaultValueSpecification":{"defaultValueList":[{"defaultValue":"PutObject"}]},"promptSpecification":{"maxRetries":4,"allowInterrupt":true,"messageGroupsList":[{"message":{"ssmlMessage":null,"customPayload":null,"plainTextMessage":{"value":"action?"},"imageResponseCard":null},"variations":null}],"messageSelectionStrategy":"Random"},"slotConstraint":"Required","sampleUtterances":null,"waitAndContinueSpecification":null},"multipleValuesSetting":null}