{"name":"DynamoDB_action","identifier":"RJZRPPT3MZ","description":null,"slotTypeName":"dynamoDBActionType","obfuscationSetting":{"obfuscationSettingType":"DefaultObfuscation"},"valueElicitationSetting":{"promptSpecification":{"allowInterrupt":true,"messageGroupsList":[{"message":{"imageResponseCard":null,"ssmlMessage":null,"customPayload":null,"plainTextMessage":{"value":"action?"}},"variations":null}],"maxRetries":4,"messageSelectionStrategy":"Random"},"slotConstraint":"Required","defaultValueSpecification":{"defaultValueList":[{"defaultValue":"CreateTable"}]},"sampleUtterances":null,"waitAndContinueSpecification":null},"multipleValuesSetting":null}