{"name":"S3_action","identifier":"DMN9QMMFI9","description":null,"slotTypeName":"s3ActionType","obfuscationSetting":null,"valueElicitationSetting":{"promptSpecification":{"allowInterrupt":true,"messageGroupsList":[{"message":{"imageResponseCard":null,"ssmlMessage":null,"customPayload":null,"plainTextMessage":{"value":"action?"}},"variations":null}],"maxRetries":4},"slotConstraint":"Required","defaultValueSpecification":{"defaultValueList":[{"defaultValue":"CreateBucket"}]},"sampleUtterances":null,"waitAndContinueSpecification":null},"multipleValuesSetting":null}