{"name":"DynamoDBDeleteTableIntent","identifier":"WWDQNFND5H","description":"Help User Delete Table In DynamoDB","parentIntentSignature":null,"sampleUtterances":[{"utterance":"I want to delete table"},{"utterance":"delete table"}],"intentConfirmationSetting":{"isActive":true,"declinationResponse":{"allowInterrupt":true,"messageGroupsList":[{"message":{"ssmlMessage":null,"customPayload":null,"plainTextMessage":{"value":"Okay. Your request will not be submitted. "},"imageResponseCard":null},"variations":null}]},"promptSpecification":{"maxRetries":4,"allowInterrupt":true,"messageGroupsList":[{"message":{"ssmlMessage":null,"customPayload":null,"plainTextMessage":{"value":"Are you sure you want to delete {tableName}? "},"imageResponseCard":null},"variations":null}],"messageSelectionStrategy":"Random"}},"intentClosingSetting":null,"inputContexts":[{"name":"contextWelcome","timeToLiveInSeconds":null,"turnsToLive":null}],"outputContexts":null,"kendraConfiguration":null,"dialogCodeHook":null,"fulfillmentCodeHook":{"fulfillmentUpdatesSpecification":null,"postFulfillmentStatusSpecification":null,"enabled":true},"slotPriorities":[{"priority":1,"slotName":"resource"},{"priority":3,"slotName":"tableName"},{"priority":2,"slotName":"DynamoDB_action"}]}