{"name":"resource","identifier":"OCLXCSAFYN","description":null,"slotTypeName":"resourceType","obfuscationSetting":null,"valueElicitationSetting":{"promptSpecification":{"messageGroupsList":[{"message":{"imageResponseCard":null,"ssmlMessage":null,"customPayload":null,"plainTextMessage":{"value":"resource?"}},"variations":null}],"maxRetries":4,"allowInterrupt":true,"messageSelectionStrategy":"Random"},"slotConstraint":"Required","defaultValueSpecification":{"defaultValueList":[{"defaultValue":"#contextWelcome.resource"}]},"sampleUtterances":null,"waitAndContinueSpecification":null},"multipleValuesSetting":null}