{"name":"EC2_action","identifier":"OSXIH2PVPH","description":null,"slotTypeName":"ec2ActionType","obfuscationSetting":{"obfuscationSettingType":"DefaultObfuscation"},"valueElicitationSetting":{"promptSpecification":{"messageGroupsList":[{"message":{"ssmlMessage":null,"customPayload":null,"plainTextMessage":{"value":"action?"},"imageResponseCard":null},"variations":null}],"maxRetries":4,"allowInterrupt":true},"slotConstraint":"Required","defaultValueSpecification":{"defaultValueList":[{"defaultValue":"StartInstance"}]},"sampleUtterances":null,"waitAndContinueSpecification":null},"multipleValuesSetting":null}