{"name":"resource","identifier":"8E0EEO1J0O","description":null,"slotTypeName":"resourceType","obfuscationSetting":{"obfuscationSettingType":"DefaultObfuscation"},"valueElicitationSetting":{"defaultValueSpecification":{"defaultValueList":[{"defaultValue":"#contextWelcome.resource"}]},"promptSpecification":{"maxRetries":4,"allowInterrupt":true,"messageGroupsList":[{"message":{"ssmlMessage":null,"customPayload":null,"plainTextMessage":{"value":"resource?"},"imageResponseCard":null},"variations":null}],"messageSelectionStrategy":"Random"},"slotConstraint":"Required","sampleUtterances":null,"waitAndContinueSpecification":null},"multipleValuesSetting":null}