{"name":"EC2CreateInstanceIntent","identifier":"EC0DMR4VFQ","description":"Help User Create EC2 Instance","parentIntentSignature":null,"sampleUtterances":[{"utterance":"I want to create EC2 Instance"},{"utterance":"Create Instance"}],"intentConfirmationSetting":{"isActive":true,"declinationResponse":{"allowInterrupt":true,"messageGroupsList":[{"message":{"ssmlMessage":null,"customPayload":null,"plainTextMessage":{"value":"Okay. Your request will not be submitted. "},"imageResponseCard":null},"variations":null}]},"promptSpecification":{"maxRetries":4,"allowInterrupt":true,"messageGroupsList":[{"message":{"ssmlMessage":null,"customPayload":null,"plainTextMessage":{"value":"Can you confirm you want to create an EC2 instance with instance type {instanceType}?"},"imageResponseCard":null},"variations":null}],"messageSelectionStrategy":"Random"}},"intentClosingSetting":null,"inputContexts":[{"name":"contextWelcome","timeToLiveInSeconds":null,"turnsToLive":null}],"outputContexts":null,"kendraConfiguration":null,"dialogCodeHook":null,"fulfillmentCodeHook":{"fulfillmentUpdatesSpecification":null,"postFulfillmentStatusSpecification":null,"enabled":true},"slotPriorities":[{"priority":3,"slotName":"amazonMachineImages"},{"priority":2,"slotName":"EC2_action"},{"priority":5,"slotName":"maxCount"},{"priority":1,"slotName":"resource"},{"priority":6,"slotName":"instanceType"},{"priority":4,"slotName":"minCount"}]}