{"name":"S3_action","identifier":"F0XEJIVYP6","description":null,"slotTypeName":"s3ActionType","obfuscationSetting":null,"valueElicitationSetting":{"promptSpecification":{"allowInterrupt":true,"messageGroupsList":[{"message":{"imageResponseCard":null,"ssmlMessage":null,"customPayload":null,"plainTextMessage":{"value":"action?"}},"variations":null}],"maxRetries":4,"messageSelectionStrategy":"Random"},"slotConstraint":"Required","defaultValueSpecification":{"defaultValueList":[{"defaultValue":"DeleteBucket"}]},"sampleUtterances":null,"waitAndContinueSpecification":null},"multipleValuesSetting":null}