{"name":"resource","identifier":"8E0EEO1J0O","description":null,"slotTypeName":"resourceType","obfuscationSetting":{"obfuscationSettingType":"DefaultObfuscation"},"valueElicitationSetting":{"promptSpecification":{"allowInterrupt":true,"messageGroupsList":[{"message":{"imageResponseCard":null,"ssmlMessage":null,"customPayload":null,"plainTextMessage":{"value":"resource?"}},"variations":null}],"maxRetries":4},"slotConstraint":"Required","defaultValueSpecification":{"defaultValueList":[{"defaultValue":"#contextWelcome.resource"}]},"sampleUtterances":null,"waitAndContinueSpecification":null},"multipleValuesSetting":null}