{"name":"S3DeleteObjectIntent","identifier":"AWGW8EMPJC","description":"Help User Delete Object In S3","parentIntentSignature":null,"sampleUtterances":[{"utterance":"I want to Delete Object"},{"utterance":"Delete Object"}],"intentConfirmationSetting":{"isActive":true,"declinationResponse":{"allowInterrupt":true,"messageGroupsList":[{"message":{"ssmlMessage":null,"customPayload":null,"plainTextMessage":{"value":"Okay. Your request will not be submitted. "},"imageResponseCard":null},"variations":null}]},"promptSpecification":{"maxRetries":4,"allowInterrupt":true,"messageGroupsList":[{"message":{"ssmlMessage":null,"customPayload":null,"plainTextMessage":{"value":"Are you sure you want to permanently delete {key} from {bucketName}?"},"imageResponseCard":null},"variations":null}],"messageSelectionStrategy":"Random"}},"intentClosingSetting":null,"inputContexts":[{"name":"contextWelcome","timeToLiveInSeconds":null,"turnsToLive":null}],"outputContexts":null,"kendraConfiguration":null,"dialogCodeHook":null,"fulfillmentCodeHook":{"fulfillmentUpdatesSpecification":null,"postFulfillmentStatusSpecification":null,"enabled":true},"slotPriorities":[{"priority":3,"slotName":"bucketName"},{"priority":4,"slotName":"key"},{"priority":1,"slotName":"resource"},{"priority":2,"slotName":"S3_action"}]}