{"name":"EC2_action","identifier":"IDWTJKIDEM","description":null,"slotTypeName":"ec2ActionType","obfuscationSetting":null,"valueElicitationSetting":{"defaultValueSpecification":{"defaultValueList":[{"defaultValue":"StopInstance"}]},"promptSpecification":{"maxRetries":4,"allowInterrupt":true,"messageGroupsList":[{"message":{"ssmlMessage":null,"customPayload":null,"plainTextMessage":{"value":"action?"},"imageResponseCard":null},"variations":null}],"messageSelectionStrategy":"Random"},"slotConstraint":"Required","sampleUtterances":null,"waitAndContinueSpecification":null},"multipleValuesSetting":null}