{"name":"DynamoDBCreateItemIntent","identifier":"BP3TVU5LY2","description":"Help User Create Item In DynamoDB","parentIntentSignature":null,"sampleUtterances":[{"utterance":"I want to create item"},{"utterance":"create item"},{"utterance":"item creation"},{"utterance":"add an item"},{"utterance":"add item"},{"utterance":"i want to create a new item"},{"utterance":"make a new item"}],"intentConfirmationSetting":{"isActive":true,"declinationResponse":{"allowInterrupt":true,"messageGroupsList":[{"message":{"imageResponseCard":null,"ssmlMessage":null,"customPayload":null,"plainTextMessage":{"value":"Okay. Your request will not be submitted. "}},"variations":null},{"message":{"imageResponseCard":null,"ssmlMessage":null,"customPayload":null,"plainTextMessage":{"value":"Anything Else I Can Help You With?"}},"variations":null}]},"promptSpecification":{"allowInterrupt":true,"messageGroupsList":[{"message":{"imageResponseCard":null,"ssmlMessage":null,"customPayload":null,"plainTextMessage":{"value":"Can you confirm you want to create an item with {attributeName} as key and {attributeValue} as value inside {tableName}?"}},"variations":null}],"maxRetries":4,"messageSelectionStrategy":"Random"}},"intentClosingSetting":null,"inputContexts":null,"outputContexts":null,"kendraConfiguration":null,"dialogCodeHook":null,"fulfillmentCodeHook":{"fulfillmentUpdatesSpecification":null,"postFulfillmentStatusSpecification":null,"enabled":true},"slotPriorities":[{"priority":5,"slotName":"attributeValue"},{"priority":4,"slotName":"attributeName"},{"priority":2,"slotName":"DynamoDB_action"},{"priority":1,"slotName":"resource"},{"priority":3,"slotName":"tableName"}]}