{"name":"instanceId","identifier":"OIHZPAK1HE","description":null,"slotTypeName":"AMAZON.AlphaNumeric","obfuscationSetting":null,"valueElicitationSetting":{"promptSpecification":{"messageGroupsList":[{"message":{"ssmlMessage":null,"customPayload":null,"plainTextMessage":{"value":"What is the instance id? "},"imageResponseCard":null},"variations":null}],"maxRetries":4,"allowInterrupt":true},"slotConstraint":"Required","defaultValueSpecification":null,"sampleUtterances":null,"waitAndContinueSpecification":null},"multipleValuesSetting":null}