{"name":"ExitIntent","identifier":"CWRHNSF3VW","description":"End The Interaction With Lex Bot","parentIntentSignature":null,"sampleUtterances":[{"utterance":"Exit"},{"utterance":"Quit"},{"utterance":"Exit Lex"},{"utterance":"Quit Lex"},{"utterance":"No Thanks"},{"utterance":"No Thank you"}],"intentConfirmationSetting":null,"intentClosingSetting":null,"inputContexts":null,"outputContexts":null,"kendraConfiguration":null,"dialogCodeHook":null,"fulfillmentCodeHook":{"fulfillmentUpdatesSpecification":null,"postFulfillmentStatusSpecification":null,"enabled":true},"slotPriorities":[]}