{"name":"DynamoDB_action","identifier":"O1OLKBPNCR","description":null,"slotTypeName":"dynamoDBActionType","obfuscationSetting":null,"valueElicitationSetting":{"promptSpecification":{"allowInterrupt":true,"messageGroupsList":[{"message":{"imageResponseCard":null,"ssmlMessage":null,"customPayload":null,"plainTextMessage":{"value":"action? (Create Table/Create Item/Delete Table)"}},"variations":null}],"maxRetries":4,"messageSelectionStrategy":"Random"},"slotConstraint":"Optional","defaultValueSpecification":{"defaultValueList":[{"defaultValue":"DeleteTable"}]},"sampleUtterances":null,"waitAndContinueSpecification":null},"multipleValuesSetting":null}