{"name":"amazonMachineImages","identifier":"0YDFDOXNME","description":null,"slotTypeName":"AMAZON.AlphaNumeric","obfuscationSetting":null,"valueElicitationSetting":{"defaultValueSpecification":null,"promptSpecification":{"maxRetries":4,"allowInterrupt":true,"messageGroupsList":[{"message":{"ssmlMessage":null,"customPayload":null,"plainTextMessage":{"value":"What is AMI(Amazon Machine Images) for this EC2 Instance? (ami-0cff7528ff583bf9a)"},"imageResponseCard":null},"variations":null}],"messageSelectionStrategy":"Random"},"slotConstraint":"Required","sampleUtterances":null,"waitAndContinueSpecification":null},"multipleValuesSetting":null}