{"name":"ec2ActionType","identifier":"0KKI0WBZAZ","description":null,"slotTypeValues":[{"synonyms":[{"value":"Create_Instance"},{"value":"Create Instance"},{"value":"Launch Instance"},{"value":"Launch_Instance"}],"sampleValue":{"value":"CreateInstance"}},{"synonyms":[{"value":"Stop_Instance"},{"value":"Stop Instance"}],"sampleValue":{"value":"StopInstance"}},{"synonyms":null,"sampleValue":{"value":"GetAllInstance"}},{"synonyms":[{"value":"Terminate_Instance"},{"value":"Delete_Instance"},{"value":"Delete Instance"},{"value":"Terminate Instance"}],"sampleValue":{"value":"TerminateInstance"}},{"synonyms":[{"value":"Start_Instance"},{"value":"Start Instance"}],"sampleValue":{"value":"StartInstance"}}],"parentSlotTypeSignature":null,"valueSelectionSetting":{"resolutionStrategy":"TOP_RESOLUTION","advancedRecognitionSetting":{"audioRecognitionStrategy":"UseSlotValuesAsCustomVocabulary"},"regexFilter":null}}