{"name":"dynamoDBActionType","identifier":"VWK1PRSARI","description":"Action that DDB can Perform","slotTypeValues":[{"synonyms":[{"value":"create table"},{"value":"create_table"}],"sampleValue":{"value":"CreateTable"}},{"synonyms":[{"value":"create item"},{"value":"create_item"}],"sampleValue":{"value":"CreateItem"}},{"synonyms":[{"value":"delete table"},{"value":"delete_tabel"}],"sampleValue":{"value":"DeleteTable"}}],"parentSlotTypeSignature":null,"valueSelectionSetting":{"resolutionStrategy":"TOP_RESOLUTION","advancedRecognitionSetting":{"audioRecognitionStrategy":"UseSlotValuesAsCustomVocabulary"},"regexFilter":null}}