{"name":"action","identifier":"MHOMT6RJUT","description":null,"slotTypeName":"dynamoDBActionType","obfuscationSetting":{"obfuscationSettingType":"DefaultObfuscation"},"valueElicitationSetting":{"promptSpecification":{"allowInterrupt":true,"messageGroupsList":[{"message":{"imageResponseCard":null,"ssmlMessage":null,"customPayload":null,"plainTextMessage":{"value":"action?"}},"variations":null}],"maxRetries":4},"slotConstraint":"Required","defaultValueSpecification":{"defaultValueList":[{"defaultValue":"CreateItem"}]},"sampleUtterances":null,"waitAndContinueSpecification":null},"multipleValuesSetting":null}