{"name":"resource","identifier":"6UMGPYSXB8","description":null,"slotTypeName":"resourceType","obfuscationSetting":null,"valueElicitationSetting":{"promptSpecification":{"allowInterrupt":true,"messageGroupsList":[{"message":{"imageResponseCard":null,"ssmlMessage":null,"customPayload":null,"plainTextMessage":{"value":"resource?"}},"variations":null}],"maxRetries":4,"messageSelectionStrategy":"Random"},"slotConstraint":"Required","defaultValueSpecification":{"defaultValueList":[{"defaultValue":"Backup"}]},"sampleUtterances":null,"waitAndContinueSpecification":null},"multipleValuesSetting":null}