{"name":"EC2_action","identifier":"JKFSXQD9GD","description":null,"slotTypeName":"ec2ActionType","obfuscationSetting":{"obfuscationSettingType":"DefaultObfuscation"},"valueElicitationSetting":{"promptSpecification":{"allowInterrupt":true,"messageGroupsList":[{"message":{"imageResponseCard":null,"ssmlMessage":null,"customPayload":null,"plainTextMessage":{"value":"action? (Create Instance/Stop Instance/Get All Instance/Terminate Instance/Start Instance/Reboot Instance)"}},"variations":null}],"maxRetries":4,"messageSelectionStrategy":"Random"},"slotConstraint":"Optional","defaultValueSpecification":{"defaultValueList":[{"defaultValue":"RebootInstance"}]},"sampleUtterances":null,"waitAndContinueSpecification":null},"multipleValuesSetting":null}