{"name":"WelcomeIntent","identifier":"UZRUDG0BNH","description":"Greet User","parentIntentSignature":null,"sampleUtterances":[{"utterance":"Hi"},{"utterance":"hello"},{"utterance":"hi Lex"},{"utterance":"hello Lex"},{"utterance":"start"},{"utterance":"{resource} "}],"intentConfirmationSetting":null,"intentClosingSetting":null,"inputContexts":null,"outputContexts":[{"name":"contextWelcome","timeToLiveInSeconds":600,"turnsToLive":20}],"kendraConfiguration":null,"dialogCodeHook":null,"fulfillmentCodeHook":{"fulfillmentUpdatesSpecification":null,"postFulfillmentStatusSpecification":null,"enabled":true},"slotPriorities":[{"priority":1,"slotName":"resource"}]}