{"name":"DynamoDB_action","identifier":"UM3EJ5NYRZ","description":null,"slotTypeName":"dynamoDBActionType","obfuscationSetting":null,"valueElicitationSetting":{"defaultValueSpecification":{"defaultValueList":[{"defaultValue":"DeleteTable"}]},"promptSpecification":{"maxRetries":4,"allowInterrupt":true,"messageGroupsList":[{"message":{"ssmlMessage":null,"customPayload":null,"plainTextMessage":{"value":"action?"},"imageResponseCard":null},"variations":null}],"messageSelectionStrategy":"Random"},"slotConstraint":"Required","sampleUtterances":null,"waitAndContinueSpecification":null},"multipleValuesSetting":null}