{"name":"S3DeleteBucketIntent","identifier":"5LHY5E7LJ1","description":"Help User Delete Bucket In S3","parentIntentSignature":null,"sampleUtterances":[{"utterance":"I want to Delete Bucket"},{"utterance":"Delete Bucket"},{"utterance":"can you delete bucket"},{"utterance":"bucket deletion"},{"utterance":"delete s three bucket"},{"utterance":"remove the bucket"},{"utterance":"i want to remove the bucket"},{"utterance":"delete the bucket"},{"utterance":"i want to delete the bucket"},{"utterance":"bucket delete"}],"intentConfirmationSetting":{"isActive":true,"declinationResponse":{"allowInterrupt":true,"messageGroupsList":[{"message":{"imageResponseCard":null,"ssmlMessage":null,"customPayload":null,"plainTextMessage":{"value":"Okay. Your request will not be submitted. "}},"variations":null},{"message":{"imageResponseCard":null,"ssmlMessage":null,"customPayload":null,"plainTextMessage":{"value":"Anything Else I Can Help You With?"}},"variations":null}]},"promptSpecification":{"allowInterrupt":true,"messageGroupsList":[{"message":{"imageResponseCard":null,"ssmlMessage":null,"customPayload":null,"plainTextMessage":{"value":"Are you sure you want to permanently delete {bucketName}?"}},"variations":null}],"maxRetries":4,"messageSelectionStrategy":"Random"}},"intentClosingSetting":null,"inputContexts":null,"outputContexts":null,"kendraConfiguration":null,"dialogCodeHook":null,"fulfillmentCodeHook":{"fulfillmentUpdatesSpecification":null,"postFulfillmentStatusSpecification":null,"enabled":true},"slotPriorities":[{"priority":3,"slotName":"bucketName"},{"priority":1,"slotName":"resource"},{"priority":2,"slotName":"S3_action"}]}