{"name":"S3PutObjectIntent","identifier":"AQYQOP8POQ","description":"Help User Put Object In S3","parentIntentSignature":null,"sampleUtterances":[{"utterance":"I want to Put Object"},{"utterance":"Put Object"},{"utterance":"put object in s three"},{"utterance":"add object"},{"utterance":"s three put object"}],"intentConfirmationSetting":{"isActive":true,"declinationResponse":{"allowInterrupt":true,"messageGroupsList":[{"message":{"imageResponseCard":null,"ssmlMessage":null,"customPayload":null,"plainTextMessage":{"value":"Okay. Your request will not be submitted. "}},"variations":null},{"message":{"imageResponseCard":null,"ssmlMessage":null,"customPayload":null,"plainTextMessage":{"value":"Anything Else I Can Help You With?"}},"variations":null}]},"promptSpecification":{"allowInterrupt":true,"messageGroupsList":[{"message":{"imageResponseCard":null,"ssmlMessage":null,"customPayload":null,"plainTextMessage":{"value":"Can you confirm you want to put this object in {bucketName} with a Key called {key}?"}},"variations":null}],"maxRetries":4,"messageSelectionStrategy":"Random"}},"intentClosingSetting":null,"inputContexts":null,"outputContexts":null,"kendraConfiguration":null,"dialogCodeHook":{"enabled":false},"fulfillmentCodeHook":{"fulfillmentUpdatesSpecification":null,"postFulfillmentStatusSpecification":null,"enabled":true},"slotPriorities":[{"priority":5,"slotName":"key"},{"priority":4,"slotName":"body"},{"priority":3,"slotName":"bucketName"},{"priority":1,"slotName":"resource"},{"priority":2,"slotName":"S3_action"}]}