{"name":"EC2_action","identifier":"SG0FHUM395","description":null,"slotTypeName":"ec2ActionType","obfuscationSetting":null,"valueElicitationSetting":{"promptSpecification":{"allowInterrupt":true,"messageGroupsList":[{"message":{"imageResponseCard":null,"ssmlMessage":null,"customPayload":null,"plainTextMessage":{"value":"action? (Create Instance/Stop Instance/Get All Instance/Terminate Instance/Start Instance/Reboot Instance)"}},"variations":null}],"maxRetries":4,"messageSelectionStrategy":"Random"},"slotConstraint":"Optional","defaultValueSpecification":{"defaultValueList":[{"defaultValue":"StopInstance"}]},"sampleUtterances":null,"waitAndContinueSpecification":null},"multipleValuesSetting":null}