{"name":"Backup_action","identifier":"XW4LD6JI4Q","description":null,"slotTypeName":"backupActionType","obfuscationSetting":null,"valueElicitationSetting":{"promptSpecification":{"allowInterrupt":true,"messageGroupsList":[{"message":{"imageResponseCard":null,"ssmlMessage":null,"customPayload":null,"plainTextMessage":{"value":"action?"}},"variations":null}],"maxRetries":4,"messageSelectionStrategy":"Random"},"slotConstraint":"Required","defaultValueSpecification":{"defaultValueList":[{"defaultValue":"DeleteSelection"}]},"sampleUtterances":null,"waitAndContinueSpecification":null},"multipleValuesSetting":null}