{"name":"DynamoDBCreateItemIntent","identifier":"V1E9OWJV2D","description":"Help User Create Item In DynamoDB","parentIntentSignature":null,"sampleUtterances":[{"utterance":"I want to create item"},{"utterance":"create item"}],"intentConfirmationSetting":null,"intentClosingSetting":null,"inputContexts":[{"name":"contextWelcome","timeToLiveInSeconds":null,"turnsToLive":null}],"outputContexts":null,"kendraConfiguration":null,"dialogCodeHook":null,"fulfillmentCodeHook":{"fulfillmentUpdatesSpecification":null,"postFulfillmentStatusSpecification":null,"enabled":true},"slotPriorities":[{"priority":1,"slotName":"resource"},{"priority":5,"slotName":"attributeValue"},{"priority":2,"slotName":"DynamoDB_action"},{"priority":3,"slotName":"tableName"},{"priority":4,"slotName":"attributeName"}]}