{"name":"resource","identifier":"KWZHSQYMZZ","description":null,"slotTypeName":"resourceType","obfuscationSetting":{"obfuscationSettingType":"DefaultObfuscation"},"valueElicitationSetting":{"promptSpecification":{"allowInterrupt":true,"messageGroupsList":[{"message":{"imageResponseCard":null,"ssmlMessage":null,"customPayload":null,"plainTextMessage":{"value":"Hi, Which AWS resource you need help with? (EC2, DynamoDB, S3 or Backup)"}},"variations":null}],"maxRetries":4,"messageSelectionStrategy":"Random"},"slotConstraint":"Required","defaultValueSpecification":null,"sampleUtterances":null,"waitAndContinueSpecification":null},"multipleValuesSetting":null}