{"name":"DynamoDBCreateItemIntent","identifier":"V1E9OWJV2D","description":"Help User Create Item In DynamoDB","parentIntentSignature":null,"sampleUtterances":[{"utterance":"I want to create item"},{"utterance":"create item"}],"intentConfirmationSetting":{"isActive":true,"declinationResponse":{"allowInterrupt":true,"messageGroupsList":[{"message":{"imageResponseCard":null,"ssmlMessage":null,"customPayload":null,"plainTextMessage":{"value":"Okay. Your request will not be submitted. "}},"variations":null}]},"promptSpecification":{"allowInterrupt":true,"messageGroupsList":[{"message":{"imageResponseCard":null,"ssmlMessage":null,"customPayload":null,"plainTextMessage":{"value":"Can you confirm you want to create an item with {attributeName} as key and {attributeValue} as value inside {tableName}?"}},"variations":null}],"maxRetries":4,"messageSelectionStrategy":"Random"}},"intentClosingSetting":null,"inputContexts":[{"name":"contextWelcome","timeToLiveInSeconds":null,"turnsToLive":null}],"outputContexts":null,"kendraConfiguration":null,"dialogCodeHook":null,"fulfillmentCodeHook":{"fulfillmentUpdatesSpecification":null,"postFulfillmentStatusSpecification":null,"enabled":true},"slotPriorities":[{"priority":1,"slotName":"resource"},{"priority":5,"slotName":"attributeValue"},{"priority":2,"slotName":"DynamoDB_action"},{"priority":3,"slotName":"tableName"},{"priority":4,"slotName":"attributeName"}]}