{"name":"BackupDeleteSelectionIntent","identifier":"LJ7FMY9NAH","description":"Help User Delete AWS Resource Using AWS Backup","parentIntentSignature":null,"sampleUtterances":[{"utterance":"Delete all my {backupResource} resources with {backupFrequency} backups"},{"utterance":"Delete all my {backupResource} backups"},{"utterance":"remove all my {backupResource} backups"},{"utterance":"clear all my {backupResource} backups"},{"utterance":"Delete my {backupResource} backups"}],"intentConfirmationSetting":{"isActive":true,"declinationResponse":{"allowInterrupt":true,"messageGroupsList":[{"message":{"imageResponseCard":null,"ssmlMessage":null,"customPayload":null,"plainTextMessage":{"value":"Okay. Your request will not be submitted. "}},"variations":null},{"message":{"imageResponseCard":null,"ssmlMessage":null,"customPayload":null,"plainTextMessage":{"value":"Anything Else I Can Help You With?"}},"variations":null}]},"promptSpecification":{"allowInterrupt":true,"messageGroupsList":[{"message":{"imageResponseCard":null,"ssmlMessage":null,"customPayload":null,"plainTextMessage":{"value":"Are you sure you want to delete all your {backupResource} - {backupFrequency}backup?"}},"variations":null}],"maxRetries":4,"messageSelectionStrategy":"Random"}},"intentClosingSetting":null,"inputContexts":null,"outputContexts":null,"kendraConfiguration":null,"dialogCodeHook":null,"fulfillmentCodeHook":{"fulfillmentUpdatesSpecification":null,"postFulfillmentStatusSpecification":null,"enabled":true},"slotPriorities":[{"priority":2,"slotName":"Backup_action"},{"priority":1,"slotName":"resource"},{"priority":3,"slotName":"backupResource"},{"priority":4,"slotName":"backupFrequency"}]}