{"name":"WelcomeIntent","identifier":"KKCBV7EGNX","description":"Greet User","parentIntentSignature":null,"sampleUtterances":[{"utterance":"Hi"}],"intentConfirmationSetting":null,"intentClosingSetting":null,"inputContexts":null,"outputContexts":[{"name":"contextWelcome","timeToLiveInSeconds":300,"turnsToLive":20}],"kendraConfiguration":null,"dialogCodeHook":null,"fulfillmentCodeHook":{"fulfillmentUpdatesSpecification":null,"postFulfillmentStatusSpecification":null,"enabled":true},"slotPriorities":[{"priority":1,"slotName":"resource"}]}