{"name":"DynamoDBCreateTableIntent","identifier":"SBYYRGGXSR","description":"Help User Create Table In DynamoDB","parentIntentSignature":null,"sampleUtterances":[{"utterance":"I want to create table"},{"utterance":"create table"},{"utterance":"generate a new DDB table"},{"utterance":"dynamo DB table creation"},{"utterance":"create DDB table"},{"utterance":"I want to start a table"},{"utterance":"add a table"},{"utterance":"make a new table"}],"intentConfirmationSetting":{"isActive":true,"declinationResponse":{"allowInterrupt":true,"messageGroupsList":[{"message":{"imageResponseCard":null,"ssmlMessage":null,"customPayload":null,"plainTextMessage":{"value":"Okay. Your request will not be submitted. "}},"variations":null},{"message":{"imageResponseCard":null,"ssmlMessage":null,"customPayload":null,"plainTextMessage":{"value":"Anything Else I Can Help You With?"}},"variations":null}]},"promptSpecification":{"allowInterrupt":true,"messageGroupsList":[{"message":{"imageResponseCard":null,"ssmlMessage":null,"customPayload":null,"plainTextMessage":{"value":"Can you confirm you want to create a DynamoDB Table called {tableName} with Key: {partitionKey} ({partitionKeyType})?"}},"variations":null}],"maxRetries":4,"messageSelectionStrategy":"Random"}},"intentClosingSetting":null,"inputContexts":null,"outputContexts":null,"kendraConfiguration":null,"dialogCodeHook":{"enabled":false},"fulfillmentCodeHook":{"fulfillmentUpdatesSpecification":null,"postFulfillmentStatusSpecification":null,"enabled":true},"slotPriorities":[{"priority":4,"slotName":"partitionKey"},{"priority":3,"slotName":"tableName"},{"priority":1,"slotName":"resource"},{"priority":2,"slotName":"DynamoDB_action"},{"priority":5,"slotName":"partitionKeyType"}]}