{"name":"EC2CreateInstanceIntent","identifier":"43LRQ9XD0N","description":"Help User Create EC2 Instance","parentIntentSignature":null,"sampleUtterances":[{"utterance":"I want to create EC2 Instance"},{"utterance":"Create Instance"},{"utterance":"instance creation"},{"utterance":"I d like to generate new e c two instance "},{"utterance":"i want make a new ec two instance"},{"utterance":"add a new e c two instance"},{"utterance":"new instance"},{"utterance":"generate a new instance"},{"utterance":"instance generation"},{"utterance":"please generate a new instance"}],"intentConfirmationSetting":{"isActive":true,"declinationResponse":{"allowInterrupt":true,"messageGroupsList":[{"message":{"imageResponseCard":null,"ssmlMessage":null,"customPayload":null,"plainTextMessage":{"value":"Okay. Your request will not be submitted. "}},"variations":null},{"message":{"imageResponseCard":null,"ssmlMessage":null,"customPayload":null,"plainTextMessage":{"value":"Anything Else I Can Help You With?"}},"variations":null}]},"promptSpecification":{"allowInterrupt":true,"messageGroupsList":[{"message":{"imageResponseCard":null,"ssmlMessage":null,"customPayload":null,"plainTextMessage":{"value":"Can you confirm you want to create an EC2 instance with instance type {instanceType}?"}},"variations":null}],"maxRetries":4,"messageSelectionStrategy":"Random"}},"intentClosingSetting":null,"inputContexts":null,"outputContexts":null,"kendraConfiguration":null,"dialogCodeHook":null,"fulfillmentCodeHook":{"fulfillmentUpdatesSpecification":null,"postFulfillmentStatusSpecification":null,"enabled":true},"slotPriorities":[{"priority":6,"slotName":"instanceType"},{"priority":5,"slotName":"maxCount"},{"priority":3,"slotName":"amiOS"},{"priority":1,"slotName":"resource"},{"priority":4,"slotName":"minCount"},{"priority":2,"slotName":"EC2_action"}]}