{"name":"resource","identifier":"FULZ7IPAPX","description":null,"slotTypeName":"resourceType","obfuscationSetting":{"obfuscationSettingType":"DefaultObfuscation"},"valueElicitationSetting":{"promptSpecification":{"allowInterrupt":true,"messageGroupsList":[{"message":{"imageResponseCard":null,"ssmlMessage":null,"customPayload":null,"plainTextMessage":{"value":"resource? (EC2, DynamoDB, S3)"}},"variations":null}],"maxRetries":4,"messageSelectionStrategy":"Random"},"slotConstraint":"Optional","defaultValueSpecification":{"defaultValueList":[{"defaultValue":"S3"}]},"sampleUtterances":null,"waitAndContinueSpecification":null},"multipleValuesSetting":null}