{"name":"DynamoDBDeleteTableIntent","identifier":"AT6ZX9ZSTS","description":"Help User Delete Table In DynamoDB","parentIntentSignature":null,"sampleUtterances":[{"utterance":"I want to delete table"},{"utterance":"delete table"},{"utterance":"table deletion"},{"utterance":"erase the table"},{"utterance":"remove the table"},{"utterance":"i want to clear the table"},{"utterance":"clear the table"}],"intentConfirmationSetting":{"isActive":true,"declinationResponse":{"allowInterrupt":true,"messageGroupsList":[{"message":{"imageResponseCard":null,"ssmlMessage":null,"customPayload":null,"plainTextMessage":{"value":"Okay. Your request will not be submitted. "}},"variations":null},{"message":{"imageResponseCard":null,"ssmlMessage":null,"customPayload":null,"plainTextMessage":{"value":"Anything Else I Can Help You With?"}},"variations":null}]},"promptSpecification":{"allowInterrupt":true,"messageGroupsList":[{"message":{"imageResponseCard":null,"ssmlMessage":null,"customPayload":null,"plainTextMessage":{"value":"Are you sure you want to delete {tableName}? "}},"variations":null}],"maxRetries":4,"messageSelectionStrategy":"Random"}},"intentClosingSetting":null,"inputContexts":null,"outputContexts":null,"kendraConfiguration":null,"dialogCodeHook":null,"fulfillmentCodeHook":{"fulfillmentUpdatesSpecification":null,"postFulfillmentStatusSpecification":null,"enabled":true},"slotPriorities":[{"priority":1,"slotName":"resource"},{"priority":2,"slotName":"DynamoDB_action"},{"priority":3,"slotName":"tableName"}]}