{"name":"EC2_action","identifier":"OA4ZI1JK90","description":null,"slotTypeName":"ec2ActionType","obfuscationSetting":{"obfuscationSettingType":"DefaultObfuscation"},"valueElicitationSetting":{"promptSpecification":{"allowInterrupt":true,"messageGroupsList":[{"message":{"imageResponseCard":null,"ssmlMessage":null,"customPayload":null,"plainTextMessage":{"value":"action?"}},"variations":null}],"maxRetries":4},"slotConstraint":"Required","defaultValueSpecification":{"defaultValueList":[{"defaultValue":"TerminateInstance"}]},"sampleUtterances":null,"waitAndContinueSpecification":null},"multipleValuesSetting":null}