{"name":"DynamoDB_action","identifier":"UM3EJ5NYRZ","description":null,"slotTypeName":"dynamoDBActionType","obfuscationSetting":null,"valueElicitationSetting":{"promptSpecification":{"allowInterrupt":true,"messageGroupsList":[{"message":{"imageResponseCard":null,"ssmlMessage":null,"customPayload":null,"plainTextMessage":{"value":"action?"}},"variations":null}],"maxRetries":4},"slotConstraint":"Required","defaultValueSpecification":{"defaultValueList":[{"defaultValue":"DeleteTable"}]},"sampleUtterances":null,"waitAndContinueSpecification":null},"multipleValuesSetting":null}