{"name":"DynamoDB_action","identifier":"UM3EJ5NYRZ","description":null,"slotTypeName":"dynamoDBActionType","obfuscationSetting":null,"valueElicitationSetting":{"promptSpecification":{"messageGroupsList":[{"message":{"ssmlMessage":null,"customPayload":null,"plainTextMessage":{"value":"action?"},"imageResponseCard":null},"variations":null}],"maxRetries":4,"allowInterrupt":true},"slotConstraint":"Required","defaultValueSpecification":{"defaultValueList":[{"defaultValue":"DeleteTable"}]},"sampleUtterances":null,"waitAndContinueSpecification":null},"multipleValuesSetting":null}