{"name":"ec2ActionType","identifier":"0KKI0WBZAZ","description":"Action that EC2 can perform","slotTypeValues":[{"sampleValue":{"value":"CreateInstance"},"synonyms":[{"value":"Create_Instance"},{"value":"Create Instance"},{"value":"Launch Instance"},{"value":"Launch_Instance"}]},{"sampleValue":{"value":"StopInstance"},"synonyms":[{"value":"Stop_Instance"},{"value":"Stop Instance"}]},{"sampleValue":{"value":"GetAllInstance"},"synonyms":null},{"sampleValue":{"value":"TerminateInstance"},"synonyms":[{"value":"Terminate_Instance"},{"value":"Delete_Instance"},{"value":"Delete Instance"},{"value":"Terminate Instance"}]},{"sampleValue":{"value":"StartInstance"},"synonyms":[{"value":"Start_Instance"},{"value":"Start Instance"}]}],"parentSlotTypeSignature":null,"valueSelectionSetting":{"regexFilter":null,"resolutionStrategy":"TOP_RESOLUTION","advancedRecognitionSetting":{"audioRecognitionStrategy":"UseSlotValuesAsCustomVocabulary"}}}