{"name":"DynamoDBCreateTableIntent","identifier":"CZDCIK3PZY","description":"Help User Create Item In DynamoDB","parentIntentSignature":null,"sampleUtterances":[{"utterance":"I want to create table"},{"utterance":"create table"}],"intentConfirmationSetting":null,"intentClosingSetting":null,"inputContexts":[{"name":"contextWelcome","timeToLiveInSeconds":null,"turnsToLive":null}],"outputContexts":null,"kendraConfiguration":null,"dialogCodeHook":null,"fulfillmentCodeHook":{"fulfillmentUpdatesSpecification":null,"postFulfillmentStatusSpecification":null,"enabled":true},"slotPriorities":[{"priority":3,"slotName":"tableName"},{"priority":1,"slotName":"resource"},{"priority":5,"slotName":"partitionKeyType"},{"priority":2,"slotName":"action"},{"priority":4,"slotName":"partitionKey"}]}